姓名,学号,性别,班级,院系,签到次数
刘苛萱,2017332001,女,互金17,金融,3
查鑫迪,2017332030,,互联网金融17,金融学院,2
车钰平,2017332028,,,,3
孙和杨,2017332027,男,互联网金融17,金融学院,3
王凯,2017332025,男,互联网金融17,金融,2
苑明园,2017332024,,,,2
蔺鸿菲,2017332023,,,,3
廉跃然,2017332022,,,,3
王玉琪,2017332021,,,,3
王怡鸥,2017332019,,,,2
李孟儿,2017332018,,,,3
仲晴,2017332017,女,互金17,金融,2
谢凯鑫,2017332016,男,互联网金融17,金融学院,3
刘逸凡,2017332015,男,互联网金融,金融,3
相苗丽,2017332014,,,,3
刘楠,2017332013,女,双培互联网金融,,2
王煦,2017332012,,,,3
邓敏,2017332011,,,,2
赵茗涵,2017332010,,,,3
赵旻琪,2017332009,,,,2
刘依水,2017332008,,,,3
李云彤,2017332007,,,,2
康曦月,2017332006,,,,3
赵明轩,2017332005,男,双培互联网金融17,金融学院,2
于雪婷,2017332004,,,,3
董静怡,2017332003,,,,3
唐博洋,2017332002,,互金17,,3
周久悦,2017312547,,,,3
龚鑫,2017311575,男,金工17-1,,2
吕凯悦,2017311557,,金工17-2,,2
李许靓,2017310720,,金工17-1,金融学院,3
闫宝文,2017310459,,金融工程172班,,3
李婉婷,2017310458,女,金融工程17-2,金融学院,2
王倩,2017310456,女,金工17-2,金融学院,2
张涵钰,2017310455,,,,3
陈昕悦,2017310454,女,金工17——2,金融学院,2
卢小妤,2017310453,女,金工17-2,金融学院,3
周泓禧,2017310452,男,金工17-2,金融学院,3
戴雪馨,2017310450,女,金融工程17-2,金融学院,3
彭文杰,2017310448,,,,3
付雨婷,2017310447,,,,2
谭真颜,2017310446,,,,3
有小荷,2017310445,,,,2
陈慧娴,2017310444,,,,2
董士萱,2017310443,男,金工17-2,,3
李安格,2017310442,,,,3
王清扬,2017310441,男,金工17-2,金融学院,2
张诗涵,2017310440,,,,2
郑泽南,2017310439,男,金工17-2,,3
许萌,2017310438,,金工17-2,,3
朱燕,2017310437,女,金工17-2,金融学院,3
盛昊天,2017310436,,金工17-2,,3
卢焓玥,2017310435,女,金工17-2,金融学院吧,3
焦戎非,2017310434,,金工17-2,金融学院,3
夏浩钦,2017310433,,,,2
郑宇轩,2017310432,,,,2
宋启凡,2017310431,女,金工17-2,金融学院,3
崔津廓,2017310430,男,金工17-2,金融学院,3
黄睿琦,2017310429,,,,3
王融瑄,2017310428,男,金融工程17-2,金融学院,3
冯一东,2017310427,,,,3
董妍,2017310426,女,金融工程17-2,金融学院,3
周冠群,2017310425,男,金工17-2,金融学院,2
陆天明,2017310424,男,金融工程17-2,金融学院,2
刘恺诚,2017310423,,,,3
吴秋姊,2017310422,,金工17-1,,2
苏兰,2017310419,,,,2
王瑾喆,2017310418,,金融工程17-1,金融学院,2
马一舒,2017310417,,金工17-1,,3
张庭康,2017310416,男,金工17-1,金融学院,3
袁权,2017310415,,,,3
曾程,2017310414,,,,1
夏丽平,2017310413,,金融工程17-1,,3
邓阳馨,2017310412,,金工17-1,,3
尤焕雄,2017310411,,金融工程17-1,,2
王琨,2017310410,,,,2
曾志坚,2017310409,,,,3
杨资民,2017310408,,,,3
孙金萌,2017310407,,,,3
孙紫薇,2017310405,,金工17-1,金融学院,3
唐聿澍,2017310404,男,金融工程17-1,金融学院,2
程佳昕,2017310402,女,金工171,金融工程,3
樊宇宸,2017310401,,,,3
杨欢,2017310400,,,,3
张璟玥,2017310399,,,,3
沈书颖,2017310398,,金融工程17-1,金融学院,2
孔怡,2017310397,女,金工17-1,金融学院,3
吴松奇,2017310395,,,,3
曹雨晗,2017310394,男,金工17-1,,3
李鑫屿,2017310393,,金工17-1,,3
孙林轩,2017310392,,,,3
陈佳伟,2017310391,男 ,金融工程17-1,金融学院,2
闫凡,2017310390,,,,3
王中昊,2017310389,男,金工17-1,金融,3
王子叶,2017310388,女,金融工程17-1,金融学院,2
王胜奇,2017310315,,,,3
吴澍晨,2017310231,男,金融工程17-2,金融学院,3
霍日欣,2016310364,,,,2
